{"search time": 2.8895339965820313e-05, "build time": 7.16637396812439, "store size": 13248682, "type": "BTree", "average error": 0.0}