{"search time": 5.668960094451904e-05, "build time": 35.88676691055298, "store size": 881, "type": "NN", "average error": 0.23795}